"진료과","부속부서","보유장비","진료 내용"
"소화기내과","간질환 클리닉","","급·만성 간염, 알콜성 및 비알콜성 지방간 및 지방간염, 간경변 및 합병증 간암 등을 진단·치료"
"소화기내과","위장간 클리닉","","식도질환(식도염, 식도궤양, 식도암)을 진단하여 치료, 위·십이지장 질환(기능성 위장 장애, 위염, 소화성 궤양, 협착, 위암) 등의 진단 및 치료, 소장 및 대장 질환(과민성 대장 증후군, 염증성 장질환, 허혈성 장질환, 대장게실, 감염성 대장염, 소장염소장마비, 대장염, 대장마비, 소장 및 대장암)등을 진단하고 치료"
"소화기내과","췌담도 클리닉","","담낭 및 담도결석, 담도암, 급·만성 췌장염, 췌장암 등을 진단·치료"
"소화기내과","췌담도 클리닉","치료 내시경","급성출혈의 내시경적 지혈, 조기 위암, 식도암, 대장암의 내시경적 절제술, 위 및 대장 용종절제술, 위장관 이물제거,위장관 협착 확장술"
"내분비내과","당뇨 클리닉","","당뇨병의 진단 및 추적 검사, 합병증 검사, 당뇨교육"
"내분비내과","갑상선 클리닉","","갑상선 기능 이상, 갑상선 결절의 진단 및 조직검사"
"내분비내과","골다공증 클리닉","","골다공증의 진단(골밀도 검사)과 진료"
"내분비내과","뇌하수체 및 부신 클리닉","","뇌하수체 및 부신 질환의 진료"
"순환기내과","고혈압 클리닉","24시간활동혈압측정기 7대","혈압측정, 고지혈증검사, 소변 혈당검사, 심초음파 등을 통한 고혈압 치료부터 교육"
"순환기내과","관상동맥질환  클리닉","운동부하검사기 1대","협심증과 심근경색증환자에 대한 심초음파, 운동부하 심전도 및 심혈관조영술, 성형 등을 통해 진단과 치료를 체계적 시행"
"순환기내과","관상동맥질환  클리닉","SPECT",""
"순환기내과","관상동맥질환  클리닉","Cardiac CT",""
"순환기내과","관상동맥질환  클리닉","심혈관 조영촬영기",""
"순환기내과","심장판막 클리닉","","심장판막의 협착과 폐쇄부전증에 대해 심초음파를 통한 진단과 판막 성형술 등의 시행"
"순환기내과","심혈관 조영실","심혈관조영 촬영기 2대","협심증 또는 급성심근경색증 환자에서심혈관조영술과 풍선확장술 및 그물망 삽입술"
"순환기내과","심혈관 조영실","혈관내 초음파기",""
"순환기내과","심장초음파실","심초음파 진단기 6대","심근경색증, 허혈성심질환, 선천성심질환, 판막질환, 심내막염 등 심장의 구조적, 기능적 이상을 확인"
"순환기내과","부정맥 클리닉","24시간 Holter 12대","부정맥 진단에 유요한 검사로 일상생활중 간헐적으로 발생되는 심계항진이나 호흡곤란, 흉통 등의 증상과 부정맥과의 연관성, "
"순환기내과","부정맥 클리닉","Event Recorder(간헐적 심전도 검사)","연관성, 항부정맥제의 효과 판정, 인공심박동기의 상태 판정 등에 유용한 검사"
"순환기내과","심전도실","심전도기 4대","다양한 심장질환의 진단과 치료에 기본이 되는 검사"
"순환기내과","심전도실","운동부하 심전도기",""
"순환기내과","심혈관센터","","경식도초음파, 경피적 관상동맥 중재술(PCI), 대동맥류 시술, 경피적 대동맥판막치환술(TAVI), 전극도자절제술(RFCA), 영구적심박동기삽입술(PPM) 시행"
"호흡기내과","폐암 클리닉","PFT","염증성 질환 - 폐렴, 폐결핵, 폐농양, 비결핵항산균 폐질환, 객혈"
"호흡기내과","결핵 클리닉","Bronchoscopy","기도 질환 - 만성폐쇄성폐질환(폐기종, 만성기관지염), 천식, 기관지확장증"
"호흡기내과","알레르기 클리닉","EBUS","늑막 질환 - 늑막염, 기흉, 농흉, 간질성 폐질환 - 특발성 폐섬유화증 및 면역질환 관련 간질성 폐질환, 종양 - 폐암, 양성폐종양 ,중환자실 - 급성호흡부전, 중환자치료, 알레르기 - 만성기침, 비염, 만성두드러기, 약물알레르기, 호산구증가증, 알레르기 질환, 폐기능검사실 - 다양한 호흡기 질환을 진단하기 위한 폐기능검사, 기관지내시경 - 폐암 및 각종 감염성 폐질환 진단, 초음파기관지내시경 - 폐암의 진단 및 병기결정, 악성질환의 종격동 림프절 전이 진단"
"신장내과","혈액투석실","혈액투석기 25대","유지혈액투석 및 응급투석"
"신장내과","혈액투석실","B.Braun 25대","타과 혈액투석 환자 관리, 혈관통로 관리"
"신장내과","복막투석실","","유지복막투석 시행, 외래환자 및 타과포함 병동 복막투석 환자 관리, 복막투석 수술 후 환자관리, 복막투석 환자의 정기적 도관 set 교환, 투석 전 환자 투석교육, 외래 환자들의 조혈제 사용 교육, 말기 신부전 환자 영양 교육, 신생검(biopsy) 실시, 체수분 검사"
"신장내과","사구체신염 클리닉","복부초음파기기","다양한 사구체신염의 진단 및 치료"
"신장내과","사구체신염 클리닉","Sosonite","진단을 위한 신장 조직검사 시행"
"신장내과","신장이식센터","","신이식전과 이식후 환자의 진료, 신이식 예정 환자의 관리"
"신장내과","만성콩팥병 클리닉","","만성 신장병 환자들의 단계별 관리 및 약물치료, 영양교육, 투석 전 단계 환자의 투석 전 관리"
"신장내과","중환자실 CRRT","CRRT 8대","중환자실 CRRT 운용 및 전공의 교육"
"신장내과","중환자실 CRRT","portable RO","이동없이 중환자실 내에서 투석 시행"
"신장내과","중환자실 CRRT","FMC 2대",""
"신장내과","중환자실 CRRT","Prismafles 6대",""
"감염내과","","","미생물에 의해 발생하는 모든 감염질환을 진단·치료하고, 예방 교육 실시, 각종 전염병의 진단·치료·예방 및 관리 교육 - 신종 인플루엔자의 진단·치료 및 교육 - COVID-19 의 진단·치료 및 교육, 병원 감염의 진단·치료 및 교육, 후천성면역결핍증 환자 등의 면역 저하자에게서 발생하는 기회감염 질환의 진료 및 치료"
"감염내과","예방접종","","성인 예방접종 상담 및 접종 실시"
"감염내과","예방접종 연구 클리닉","","연령에 따른 예방접종 연구를 통한 면역증진 강화"
"혈액종양내과","종양내과","","각종 암(폐암, 식도암, 위암, 대장암, 췌장암, 담관암, 간암, 신장암, 요관암, 방광암, 전립선암, 유방암, 두경부암, 육종암, 원발 미상암, 기타 고형암 등)의 진단, 보조항암화학요법 및 고식적 항암화학요법 IRB 승인 후 고형암의 임상실험 수행 보존적 치료"
"혈액종양내과","혈액질환","","혈액 질환의 진단 및 치료, 골수검사 시행, 급성 백혈병의 관해유도 항암화학요법, 만성 백혈병의 항암화학요법, 림프종의 항암화학요법, 다발성 골수종의 항암화학요법, 자가조혈모세포이식, 골수이형성 증후군의 항암화학요법, 빈혈 등 각종 양성 혈액질환의 치료, IRB 승인 후 혈액질환과 관련된 임상실험 수행, 보존적 치료"
"류마티스내과","관절염 클리닉","관절초음파","류마티스 관절염, 퇴행성 관절염(골관절염) 등 각종 관절염에 관한 진단 및 치료와 예방교육, 운동요법 교육"
"류마티스내과","루푸스 클리닉","","전신선 홍반성 루푸스 및 항인지질 항체 증후군 등의 진단과 치료 및 예방교육"
"류마티스내과","통풍 클리닉","편광 현미경","통풍 및 가성통풍의 진단과 치료 및 예방교육"
"류마티스내과","강직성 척추염 클리닉","","강직성 척추염 및 각종 말초척추관절염의 진단 및 치료와 예방교육, 운동요법 교육"
"류마티스내과","염증성 근육병 클리닉","","염증성 근육병의 진단 및 치료와 예방교육"
"류마티스내과","혈관염 클리닉","","베체트병 등 각종 혈관염의 진단 및 치료와 예방교육"
"류마티스내과","섬유근통 클리닉","","섬유근통의 진단 및 치료와 예방교육, 운동요법 교육"
"류마티스내과","그 밖의 자가면역 ","손톱모세혈관 현미경","류마티스성 다발성 근육통, 성인 스틸씨병, 재발성 류마티즘, 쇼그렌 증후군, 전신경화증 등의 진단 및 치료와 예방교육"
"류마티스내과","질환 클리닉","",""
"소아청소년과","진료실","","소아청소년의 질병의 진단과 치료, 관리 교육 선천성 기형 및 대사성 질환 조기진단"
"소아청소년과","상담실","신체계측기 및 놀이기구","영·유아의 성장과 발달 및 건강상태를 주기적으로 점검하고, 교육"
"소아청소년과","예방접종실","","예방접종 시행"
"소아청소년과","선천성심장질환상담","초음파 및 심전도","선천성 심장질환의 진단 및 추적관찰"
"소아청소년과","알레르기클리닉","최대호기속도측정기","알레르기 질환을 진단·치료하고 환자의 자기관리 및 환경관리 교육"
"소아청소년과","신생아실","인큐베이터","정상 신생아의 이행기 관리"
"소아청소년과","신생아실","광선요법기","신생아 질환의 조기 발견 및 치료"
"소아청소년과","신생아실","신체계측기","고위험 신생아 관리 황달치료"
"신경과","뇌졸중 클리닉","뇌파검사기","뇌경색, 뇌출혈, 뇌전증, 뇌종양, 퇴행성질환 (알쯔하이머, 치매, 혈관성 치매, 파킨슨병 및 증후군), 척수염, 경추 및 요추척추질환"
"신경과","치매 센터","뇌혈류검사기","운동신경핵질환(예, 근위축축삭경화증), 유전성신경질환 (예, 윌슨병), 척수소뇌실조증, 당뇨성신경증 및 여러 원인에 의한"
"신경과","보톡스 클리닉","유발전위검사기","말초신경병증, 두통, 어지러움, 수면장애, 선천적뇌혈관질환 (예, 모아모야병)등의 질환을 진료하고 있음"
"신경과","운동질환 클리닉","안진검사기",""
"신경과","수면장애,뇌전증클리닉","신경전도·근전도검사기",""
"신경과","수면장애,뇌전증클리닉","자율신경기능 검사기",""
"신경과","수면장애,뇌전증클리닉","경동맥 초음파 검사기",""
"신경과","수면장애,뇌전증클리닉","경두개 자기자극 치료기",""
"정신건강의학과","임상심리실","","전문적인 교육을 받은 임상심리사가 심리검사를 실시함으로써 개인이 경험하고 있는 심리·사회적 문제의 상태와 그 정도 및 원인을 밝히고, 각종 질병과 관련 있는 심리적 요인과 극복을 위한 중요한 정보 제공"
"정신건강의학과","외상후 스트레스","","전쟁, 대형사고, 천재지변, 화재, 성폭력 등으로 발생한 불안장애 중의 하나로 진단 및 치료, 이와 관련된 동반 정신질환의"
"정신건강의학과","장애 클리닉","","중의 하나로 진단 및 치료, 이와 관련된 동반 정신질환의 "
"정신건강의학과","우울장애 클리닉","","주요우울병, 감정부전장애 등 우울증에 대한 진단, 치료 및 교육 시행"
"정신건강의학과","불안장애 클리닉","","공황장애, 범불안장애,사회공포증 등의 불안장애의 진단, 치료 및 교육 시행"
"정신건강의학과","치매 및 기억력 장애클리닉","","알츠하이머치매, 혈관성 치매, 파킨슨 치매, 루이소체 치매 등의 진단, 치매 및 교육 시행"
"정신건강의학과","중독장애 클리닉","","알코올 및 기타 중독에 대한 치료와 예방, 재활 및 교육 시행"
"정신건강의학과","경두개 자기자극 치료실","","대뇌피질의 특정부위를 자기장으로 직접 자극하여 우울증, 조현병, 불안장애, 강박장애, 신체화 장애등의 질환에 대하여 약물치료에 효과가 없거나,  약물을 쓰기 어려운 경우, 비약물 치료를 원하는 경우 치료 방법을 제공"
"정신건강의학과","수면다원화검사실","수면다원검사기기(Grass)","수면무호흡, 불면증, 기면증, 하지불안증후군, 일주기리듬장애 등 다양한 수면장애 원인 질환에 대해서 수면의 질을 판정,치료 선택을 돕는 중요한 정보 제공"
"정신건강의학과","수면다원화검사실","C-PAP 기기",""
"정신건강의학과","수면장애클리닉","","불면증, 수면무호흡증, 수면과다증, 수면발작, 수면중 이상행동, 수면주기"
"피부과","레이저실","CO2 레이저","탄산가스 레이저를 이용하여 시술 및 치료할 수 있으며, 색소성모반(점) 등"
"피부과","레이저실","Nd-YAG laser","색소성 질환, 기미 치료"
"피부과","레이저실","Fractional laser","색소성모반, 광노화 등 다양한 피부과적 질환에 대한 치료"
"피부과","레이저실","Photo dynamic therapy","광선 각화증, 피부 종양 치료"
"피부과","레이저실","IPL","주근깨, 색소성 질환 등 다양한 피부과적 질환에 대한 치료"
"피부과","외래처치실","냉동치료기","검버섯, 광선 각화증, 켈로이드 등 피부과의 각종 치료 환자에게 냉동치료요법"
"피부과","광치료실","광치료기","건선 등의 질환에 자외선 치료시 사용"
"피부과","광치료실","엑시머레이저","건선, 아토피피부염, 원형탈모, 백반증 치료 시 사용"
"가정의학과","노인성 만성질환","","고혈압, 당뇨, 간염, 알레르기, 천식, 관절염, 골다공증과 같은 각종 성인병 및 만성질환"
"가정의학과","일차의료클리닉","","감기, 비염, 축농증, 중이염, 결막염, 요도염, 위염, 위궤양, 피부염 등의 흔한 지역사회 질환, 피로, 기운 없음, 부종, 두통, 복통, 가슴통증, 소화불량, 속쓰림, 기침, 가래, 관절통, 요통, 체중감소, 식욕감소 등의 증상과 관련된 건강 문제 진료"
"가정의학과","건강증진클리닉","","영양상담, 예방접종, 건강검진, 질병 예방"
"가정의학과","비만클리닉","체성분검사기","비만 상담 및 치료"
"가정의학과","금연클리닉","","금연상담, 약물치료"
"가정의학과","완화의료클리닉","이동용 초음파","(입원형 호스피스) 말기암환자 입원 및 신체적,정신·사회적 돌봄 (가정형 호스피스) 말기암환자 가정 방문 및 호스피스 케어 (자문형 호스피스) 말기암, 간경화 환자 병동 자문 및 호스피스 케어"
"영상의학과","X-선 촬영실","투시전용 X-ray","최신 X-ray 촬영기를 장치하여 각 진료과에서 이용할수 있으며, 투시촬영으로 식도·위장·소장·대장·담낭·신장·척추조영술, 자궁난관·연하장애평가용 식도·배변·비뇨기과·관절낭·누낭누관조영술을 시행"
"영상의학과","X-선 촬영실","디지털 X-ray","디지털, 고화질의 이미지로 다양한 처리를 통한 정확한 진단이 가능하고, PACS(의료영상저장전송시스템)시스템과 연계해 "
"영상의학과","X-선 촬영실","디지털흉부 X-ray","빠른 진료, 면담 시행"
"영상의학과","MRI 촬영실","MRI 촬영기","방사선 검사와 달리 방사선 피폭 등의 불안요소 없이 수술을 하지 않고 인체내부를 관찰할 수 있는 첨단 영상기법으로 암, 관절, 연부조직, 급성뇌경색, 비침습적 뇌혈관 등의 고해상도 영상으로 진단을 정확히 내릴 수 있는 영상진단 장비"
"영상의학과","CT 촬영실","CT 촬영기","방사선을 이용하여 검사하는 전신 컴퓨터 단층촬영기는 두부, 흉부, 복부 등 각종 질병의 조기진단 및 염증성, 혈관성 질환의 진단, 영상재구성에 의한 3차원 영상진단 등 전신 어느 부위나 단층 촬영에 의해 검사할 수 있으며, 정확도가 높아 진료, 각 과에서 광범위하게 이용"
"영상의학과","초음파 진단실","초음파 진단기","초음파를 이용하여 복부, 비뇨생식기, 혈관계, 신경/두경부, 근골격, 유방/갑상선등의 다양한 질병의 진단과 각종 초음파 유도하 조직생검, 농양배액술, 종양의 고주파치료술(RFA)등 다양한 비수술적 중재시술을 시행"
"영상의학과","골밀도 촬영실","골밀도 촬영기","고령 및 폐경기 여성의 대사성 질환으로 야기되는 골다공증에 대한  정밀진단에 이용"
"영상의학과","유방촬영실","디지털유방촬영기","X선을 이용하는 의료장비로서 이를 이용한 유방검사는 유방암 진단에 유용한 가장 기본적인 검사로서 국소검사, 확대검사, 접선검사등 특정 목적에 따른 다양한 검사는 물론 비 촉지성 유방병소의 수술전 정확한 위치결정이 필요 할 때에도 시행"
"영상의학과","유방촬영실","맘모툼","외과적 수술을 하지 않고도 유방암의 진단에 필요한 유방 조직을 채취하고, 유방 내의 멍울 또는 혹등의 다양한 이상병변의 제거도 가능"
"영상의학과","유방촬영실","입체적유방절제생검술","초기유방암을 시사하는 유방의 미세 석회를 3차원상의 위치 추적의 원리로 외과적 수술없이 병변 제거"
"영상의학과","인터벤션실","혈관 조영 촬영기","뇌동맥류, 경동맥 스텐트, 말초혈관질환, 자궁근종, 정맥류, 간암 등의 질병을 수술없이 치료하는 새로운 치료 방법 인터벤션센터에서 시행하는 치료는 경피적 혈관 성형술, 대동맥 질환 인조혈관 스텐트 설치술, 조직검사, 담도질환의 인터벤션, 위장관 질환의 치료를 위한 인터벤션, 뇌혈관 질환의 인터벤션, 비뇨기계 질환의 인터벤션 등이 있다."
"방사선종양학과","","선형가속기","방사선을 이용하여 일반적인 치료뿐만 아니라 최첨단의 특수치료 분야인 세기조절 방사선치료, 영상유도 방사선치료, 호흡동조 방사선치료 시행"
"방사선종양학과","","CT-SIM","정위적 방사선수술, 정위적 체부 방사선치료, 호흡연동 래피드아크 기술을  적용하여 암 치료율을 높이는 것은 물론 환자의 "
"방사선종양학과","","RTP System","삶의 질을 향상시키고 높은 수준의 의료 제공"
"방사선종양학과","","Dosimetry system",""
"핵의학과","PET-CT","PET-CT","생리대사를 반영하는 추적자가 결합된 방사성동위원소를 체내에 주입 후 그 분포를 영상화 함, 암의 조기진단, 재발 및 전이 진단, 치료효과의 판정, 알츠하이머 치매, 파킨슨씨병, 간질 등 뇌질환 및 신경계 질환 진단과 치료효과의 판정"
"핵의학과","체내검사실","감마카메라","미량의 유용한 방사성동위원소가 표지된 방사성 의약품을 인체 내에 주사하여 신체의 해부학적 및 생리학적 상태의 영상획득, 골스캔, 갑상선스캔, 침샘스캔, 폐스캔, 간담도스캔, 신장스캔, 심장, 관류 스펙트, 뇌관류 스펙트 등의 검사를 이용하여 각종 질환 진단"
"핵의학과","체외검사실","감마선계측기","환자에게서 혈액, 소변 등 검체를 채취하고 방사성동위원소를 반응시켜 체내에 있는 미량의 물질의 농도를 측정하여 질병의 유무나 정도를 진단"
"진단검사의학과","일반혈액검사실","자동혈구계산기","말초일반혈액검사, 특수혈액검사, 혈액특수염색, 골수검사 등 시행."
"진단검사의학과","일반혈액검사실","자동적혈구 침강 측정기","적혈구침강속도(ESR) 검사 시행"
"진단검사의학과","일반혈액검사실","자동혈액응고측정기","Prothrombin Time, APTT, FDP, Fibrinogen 등 혈액응고 관련 검사 시행"
"진단검사의학과","일반혈액검사실","자동혈소판응집측정장치","혈소판약물반응 검사 시행"
"진단검사의학과","일반혈액검사실","자동당화혈색소 측정기","당뇨관련검사 중 당화 혈색소 검사 시행"
"진단검사의학과","임상화학검사실","자동생화학분석기","Electrolyte, BUN, AST, ALT, Creatinine등이 포함된 일반화학검사와 요화학검사 등을 시행"
"진단검사의학과","임상화학검사실","삼투압측정기","혈액과 소변 검체의 Osmolality 검사 시행"
"진단검사의학과","임상화학검사실","분광 광도계","혈액을 이용한 Indocyanine green test 시행"
"진단검사의학과","미생물검사실","자동미생물 분석기","감염증상이 있는 환자의 가검물에서 원인이 되는 병원체(세균, 진균)를 분리 동정하고 항생제 감수성을 시험하기 위하여"
"진단검사의학과","미생물검사실","자동혈액 배양기","세균 및 진균의 염색 및 검경, 배양, 감수성검사를 실시"
"진단검사의학과","미생물검사실","자동항생제 디스크","혈액배양 장비로는 BacT/ALERT 3D 자동화기기를 이용하고 분석장비로는 MicroIDSys(ASTA), Vitek2(bioMrieux)와 WalkAway(MicroScan)을 사용하고 있으며, Clinical and Laboratory Standards Institute(CLSI)의 지침에 따라 항생제 감수성 결과 분석·보고"
"진단검사의학과","미생물검사실","억제대 측정기",""
"진단검사의학과","미생물검사실","진균 배양기",""
"진단검사의학과","미생물검사실","혐기성 배양기",""
"진단검사의학과","미생물검사실","자동 그람염색기",""
"진단검사의학과","미생물검사실","세균분류동정장치 ",""
"진단검사의학과","혈청검사실","자동면역 분석기","A·B·C형 바이러스성 간염을 비롯한 각종 바이러스 감염질환 관련검사, 유행병 관련검사 등 감염관련 검사와 TSH, FT4, parathyroid hormone, bone-specific ALP 등의 호르몬검사, PIVKA-II, AFP, CEA, CA19-9, PSA, CA-125등 종양표지자 검사 등 시행"
"진단검사의학과","혈청검사실","약물검사 분석기","vancomycin, digoxin, valproic acid 등의 약물검사 및 Vanco TDM, 중금속검사 등 시행"
"진단검사의학과","단백면역검사실","자동 단백면역 분석기","Immunoglobulin, ASO 등의 단백면역 관련검사 시행"
"진단검사의학과","단백면역검사실","자동 알러지 분석기","ANA, ANCA, Anti-CCP 등의 자가면역질환 관련검사와 알러지 관련검사 시행"
"진단검사의학과","단백면역검사실","전기영동","혈액중의 Protein EP, Immunofixation EP 검사를 시행하여 단백질 이상 여부를 판별"
"진단검사의학과","혈액은행검사실","동결혈장 해동기","혈액형검사, 수혈혈액의 적합성검사, 혈액의 보관,관리 및 출고 등 수혈에 관련된 검사 업무를 혈액은행 자동화 장비(IH-500)"
"진단검사의학과","혈액은행검사실","혈소판 교반기","와 수기법으로 수행하고 있으며, 연중무휴 24시간 가동하여 신속하고 안정된 혈액 공급 업무 수행"
"진단검사의학과","혈액은행검사실","혈액은행자동화장비",""
"진단검사의학과","응급검사실","자동혈액가스분석기","전담인력을 배치하여 연중 24시간 상시운영하여 응급실, 외래 각 과, 병실에서 의뢰되는 각종 응급검사를 효율적으로"
"진단검사의학과","응급검사실","자동 혈구계산기","시행하고 있으며 신속한 결과보고를 위해 TAT관리에 만전을 기함"
"진단검사의학과","응급검사실","자동 혈액응고 측정기","응급일반혈액, 응급혈액응고, 응급생화학, 응급심장표지자, 응급ABGA, 응급소변, 체액검사 등 시행"
"진단검사의학과","응급검사실","자동 적혈구 침강측정기",""
"진단검사의학과","응급검사실","삼투압 측정기",""
"진단검사의학과","응급검사실","자동 면역 분석기",""
"진단검사의학과","응급검사실","신생아 황달 측정기",""
"진단검사의학과","분자생물검사실","중합효소연쇄반응기","HLA-B27, ApoE genotyping등의 인체 유전자 검사를 시행하고 있으며 최신 PCR 기법을 이용하여 , "
"진단검사의학과","분자생물검사실","자동 분자생물 분석기","B·C형 간염 바이러스의 정량검사, 급성설사세균PCR(10종), HPV genotyping, 결핵균검사, C.difficile real-time PCR, HSV PCR 등의 "
"진단검사의학과","분자생물검사실","분자생물 증폭기","검사를 시행. 또한 감염병의 신속한 진단을 위해 2019-nCoV PCR, GeneXpert 2019-nCoV PCR 신속 검사와 SARS-CoV-2 Ag test 시행"
"진단검사의학과","분자생물검사실","전기영동 장치",""
"진단검사의학과","분자생물검사실","겔 영상 분석기",""
"진단검사의학과","뇨검경실","자동 요분석기","자동요분석기를 이용한 요단백, 요잠혈, 당뇨 등의 정성검사와"
"진단검사의학과","뇨검경실","자동 요침사분석기","자동요침사분석기를 이용한 세포, 결정, 원충 등의 요침사검사"
"진단검사의학과","뇨검경실","분변자동정량분석기","분변자동정량 분석기를 이용한 대변잠혈검사, 현미경 검경을 통한 기생충 검사 등을 시행"
"진단검사의학과","결핵배양검사실","자동 결핵균 배양기","배양 양성률을 향상시키고 동시에 배양기간을 단축시키기 위해 고체배지법(오가와배지)과 BACTEC MGIT 960을 이용한"
"진단검사의학과","결핵배양검사실","항산성균 자동 염색기","액체배지법을 동시에 사용하고 있으며 GeneXpert II를 이용하여 신속하고 정확한 결핵 진단 업무 수행 "
"진단검사의학과","결핵배양검사실","유전자증폭장치",""
"진단검사의학과","채혈실","채혈자동화 시스템","자동화 시스템을 도입하여 채혈소요시간을 단축시켜 채혈실 업무의 효율을 높이고 채혈실 내원객의 고객만족도를 향상 "
"병리과","조직병리실","육안검체 절제대","모든 수술 검체와 내시경 검사 등의 작은 검체를 접수한 후 육안검사를 통해 병변을 확인하고 슬라이드 표본을 제작한다. "
"병리과","조직병리실","육안검체 촬영장치","제작된 슬라이드를  병리과 전문의가 현미경으로 관찰하여 환자의 질병을 진단하며, 특히 암환자의 조직검사를 통하여"
"병리과","조직병리실","조직자동처리기","암종의 종류,  분화정도, 침윤정도 등의 중요한 정보를 임상의사에게 제공하여 치료방향을  결정하는데 가이드라인 제시."
"병리과","조직병리실","포매기",""
"병리과","조직병리실","박절기",""
"병리과","조직병리실","자동염색기",""
"병리과","조직병리실","자동봉입기",""
"병리과","조직병리실","현미경디지털 영상하드웨어 장치",""
"병리과","동결절편 검사실","동결절편기","수술도중 예상하지 못했던 병변을 발견하거나 암 수술 시 림프절 전이여부, 수술절제연의 암조직 존재여부 등을 병리과의사가 신속히 판단하고  병리진단을 제공,  수술방법 및 범위를 결정하는데 도움을 줌"
"병리과","면역검사실","자동면역염색기","50여 종류의 다양한 항체와 각 세포가 가진 고유의 항원을  이용한  항원-항체 반응 검사하여 진단에 도움을 줌.  특히 암세포 종류 및  특성을 검사 하여 진단의 정확성을 더 높이고,  예후 판정과 치료방향의 가이드라인을 제시한다. 일반조직검사 후에 추가로 면역염색을 함으로써 2~3일 후 검사 결과를 알 수 있음"
"병리과","특수염색검사실","","일반적인 염색(H&E stain) 이외의  특수염색을 추가적으로 시행하여 좀 더 정확한 진단을 할 수 있도록 하며, 결핵균 검출을 위한 AFB염색, 진균류 및 점액성분을 보기 위한 PAS, DPAS, Mucicarmine 염색, 칼슘 침착을 보기 위한 염색 등 진단을 위해서 보조적으로 필요한 경우에 시행"
"병리과","세포병리검사실","세포원심분리기","소변, 객담, 복수, 흉수 등의 체액, 자궁질 도말검체와 갑상선, 림프절에서 체취한 세포를 현미경으로 관찰하여(주로 암세포"
"병리과","세포병리검사실","자동염색기","유무에 대한)진단"
"병리과","세포병리검사실","자동봉입기",""
"병리과","세포병리검사실","현미경 디저털 영상하드웨어 장치",""
"건강관리과","","한천석 시력표","채용신체검사, 건강진단서 발급, 성인병 건강검진(보험공단),"
"건강관리과","","청력계기","자동차 운전면허 적성검사, 총포 및 도검소지허가 신체검사"
"건강관리과","","자동혈압측정기",""
"건강관리과","","자동신장체중계",""
"한의과","","전침","침에 지속적인 전기 자극을 주어 각 파형에 따라 통증 및 근무력 치료 등에 사용하는 장비"
"한의과","","적외선치료기","침구시술 부위에 사용하여 근이완 및 혈액순환증진으로 치료효과를 높이는 장비"
"한의과","","적외선체열진단기","인체에서 자연적으로 방출되는 적외선을 감지하여 컬러 영상화하고 이를 통해 신체 이상 부위 검출"
"응급의학과(지역응급의료센터)","","","급성질환이나 손항에 대한 응급진료 전담. 내원환자 상태 조기 안정화 및 검사를 통해 중증질환은 임상 각 과의 입원 치료가 이루어지도록 연계, 경증환자는 증상조절 하여 외래 통원 될 수 있도록 조치"
"응급의학과(지역응급의료센터)","","Ventilator(인공호흡기)","자발호흡 안될 시 사용"
"응급의학과(지역응급의료센터)","","Walmel Blanket(full body)","저체온 시 사용하여 체온을 올려줌"
"응급의학과(지역응급의료센터)","","보온포",""
"응급의학과(지역응급의료센터)","","Rapid infusion warmer(급속혈액가온기)","혈액을 빠른 시간 내 신속주입하고 , 저체온 환자에게 혈액을 가온하여 주입함"
"응급의학과(지역응급의료센터)","","EKG monitor","환자 집중감시장치"
"응급의학과(지역응급의료센터)","","Defibrilator(제세동기)","심장전기충격기"
"응급의학과(지역응급의료센터)","","이동식초음파 진단기","응급초음파기"
"암센터","암교육실","","암환자 및 보호자에게 의사, 종양전문간호사, 약사, 임상영양사의 교육팀이 전문 교육·상담 실시 및 체계적인 관리를 통해 고객만족도 증진 또한, 암환자 및 보호자에게 올바른 암정보를 제공하여 치료효과를 극대화하여 의료서비스 질향상 및 고객만족도 증진"
"암센터","다학제통합진료","","서로 다른 전문과목 임상 전문의들이 동시에 환자 맞춤형 대면진료 제공하여  진료시간 단축 및 환자 편의 증진으로 고객만족도 제고 다각적 근거를 기반으로 정확한 진단 및 최적의 치료계획을 도출하여  최상의 개별 맞춤형 치료를 제공하여 환자 신뢰도 상승 및 의료서비스 질향상"
"암센터","접수실","","암환자 개인별 질병상태에 따른 신속하고 정확한 센터별 진료과 예약 및 안내"
"암센터","장기별 암센터","","차별화된 전문 진료센터 운영을 통한 진료역량 강화 및 고객 만족도 제고 다학제통합진료회의 실시를 통한 의료전문가들간의 효율적 의사소통으로 환자중심의 수준 높은 의료서비스 제공"
"암센터","홈페이지","","암센터 홈페이지를 통한 의료서비스제공(암센터소개, 진료안내, 암종별센터 안내,암정보, 공지사항)으로 고객만족도 증진"
"외과","위암 클리닉","복강경수술장비","소화기계통의 암의 사전 진단·수술 및 상담(로봇수술 포함)"
"외과","대장암 센터","복강경수술장비","대장종양 및 염증성 장질환 환자의 검사 진단 입원·수술(Lap. Specialized)후 진료"
"외과","대장암 센터","3D 초음파",""
"외과","대장암 센터","대장내시경",""
"외과","항문 클리닉","3D 초음파","직장암 환자의 수술 전·후 기능평가 및 관리"
"외과","항문 클리닉","대장내시경","양성대장항문질환자의 평가와 치료"
"외과","항문 클리닉","항문기능검사치료기",""
"외과","변비 클리닉","3D 초음파","만성변비 환자의 평가와 치료"
"외과","변비 클리닉","대장내시경",""
"외과","변비 클리닉","항문기능검사치료기",""
"외과","간담췌 클리닉","복강경수술장비","담도암, 췌장암을 비롯한 팽대부 주위 암과 간암의 수술"
"외과","간담췌 클리닉","담관경(담도경)술","담낭 및 담도결석, 간내결석의 수술 및 치료"
"외과","간담췌 클리닉","중 초음파",""
"외과","유방암 센터","","유방암 및 유방 통증, 유방 양성종양 등의 수술 및 치료"
"외과","여성유방 클리닉","","고령의 남성 환자에서 많이 발생하는 여성형 유방에 대한 진단 및 치료"
"외과","탈장 클리닉","복강경수술장비","전문의 2명이 진료 중이며, DRG 체제에 맞춰 환자 진료 및 수술"
"외과","하지정맥류클리닉","3D 초음파","하지정맥류 환자에 대한 진료 및 수술"
"외과","하지정맥류클리닉","고주파장비",""
"외과","동정맥루 클리닉","3D 초음파","동정맥루 환자에 대한 진료 및 수술 복막투석 및 혈액투석 수술 후 환자관리 교육"
"외과","장기이식센터","","신이식 예정 환자의 관리, 신장이식 전과 이식 후 환자의 진료 및 수술, 신장이식 후 환자 교육"
"성형외과","욕창진료센터","Bovie","급.만성 상처와 욕창치료 및 수술, 악안면외상, 화상, 피부암, 수부사지재건"
"성형외과","욕창진료센터","Co2 레이저","점, 사마귀 제거"
"흉부외과","심장 클리닉","인공심폐기","관상동맥 우회술, 심장 판막수술"
"흉부외과","심장 클리닉","대동맥내기구펌핑",""
"흉부외과","심장 클리닉","자가 수혈기",""
"흉부외과","폐.식도암 클리닉","흉강경 수술장비  ","폐암. 식도암 수술적 치료, 흉강경 수술"
"흉부외과","대동맥 클리닉","","대동맥 스텐트 시술,수술적 치료"
"흉부외과","말초혈관 클리닉","","하지 동맥 스텐트 시술, 수술적 치료"
"정형외과","인공관절클리닉","","고관절, 슬관절, 견관절, 족관절에 대한 인공관절 수술 및 재수술"
"정형외과","척추클리닉","","척추에 발생하는 질환에 대한 진단과 치료, 척추수술(미세현미경 감압술, 전방 및 후방 척추유합술 등)"
"정형외과","척추클리닉","방사선투시기","척추에 대한 시술(신경차단술, 신경성형술, 신경근차단술, 후관절차단술 등)"
"정형외과","슬관절 클리닉","관절경 수술기구","관절경을 이용한 진단 및 치료(수술), 슬관절 불안정성에 대한 정밀 진단기기"
"정형외과","견주관절클리닉","관절경 수술기구","관절경을 이용한 진단 및 치료(수술)"
"정형외과","견주관절클리닉","근골격 초음파","초음파 장비를 이용한 관절내 주사 치료"
"정형외과","고관절클리닉","","고관절 질환에 대한 진단 및 치료(수술)"
"정형외과","족부 족관절 클리닉","","족부 족관절 질환에 대한 진단 및 치료(수술)"
"정형외과","당뇨병성 족부질환 클리닉","음압치료기","당뇨병성 족부질환의 진단 및 치료(수술)"
"정형외과","스포츠클리닉","","일반스포츠 및 장애인의 스포츠 손상에 대한 치료, 재생치료 (PRP, prolotherapy), 카티스템(슬관절 줄기세포치료)"
"정형외과","석고실","","골절의 도수정복 및 석고고정을 이용한 치료"
"정형외과","운동치료실","","슬관절, 견관절, 척추에 대한 운동교육 (물리치료사 상주)"
"신경외과","뇌혈관 클리닉","뇌혈관초음파","뇌혈관 질환 진단, 치료시 혈관의 유무 진단"
"신경외과","뇌혈관 클리닉","뇌혈관 조영술","뇌혈관 질환의 진단과 치료"
"신경외과","뇌종양 클리닉","뇌항법장치","뇌에 발생하는 종양 및 수두증의 치료시 정확한 종양의 위치 파악으로 수술효과 향상"
"신경외과","뇌종양 클리닉","렉셀프레임","뇌종양의 생검 및 뇌실질내출혈 흡인 수술 시 병소의 위치를 정확하게 파악하여 주변 정상조직의 피해를 최소화, 뇌정위수술 시 두개부에 정위수술기구를 고정시키고 방사선 촬영으로 뇌내 구조물에 대한 삼차원적 좌표계(x,y,z)를 파악하여 병변을 파괴 또는 절제함으로써 신경학적 증상을 치료하는 기기 → 뇌출혈 제거, 뇌종양 조직검사, 뇌심부자극술, 운동기능장애 수술 등"
"신경외과","척추 클리닉","척추조영술기","척추에 발생하는 통증의 원인을 진단하고 치료"
"신경외과","척추 클리닉","방사선 투시검사기","척추 및 척추주변 신경에서 발생한 통증을 미세침습적으로 치료"
"신경외과","중환자실","심혈관계, 감시기구 격리실","중환자에 대한 집중관리와 처치가 가능"
"신경외과","미세침습치료실","뇌내시경, 척추내시경,","뇌와 척추병변에 대하여 내시경 및 미세침습기기를 이용하여 최초 침습적인 치료가 가능"
"신경외과","미세침습치료실","미세수술장비, 항법장치",""
"신경외과","미세침습치료실","수술현미경",""
"산부인과","일반부인과","Laparoscope","각종 부인과적인 질환 조기진단 및 치료와 난소종양 또는 자궁근종검사 및 치료"
"산부인과","일반부인과","Hysteroscope",""
"산부인과","일반부인과","초음파",""
"산부인과","산과","초음파","임신 초기의 이상 유무, 태아 성숙도, 태반위치 판정과 임신시 정기적인 태아상태 진단"
"산부인과","산과","3D 초음파",""
"산부인과","산과","level 2 초음파",""
"산부인과","산과","(정밀 초음파)",""
"산부인과","폐경기·골다공증","골밀도 검사","폐경기 여성의 폐경기 증상 진단 및 치료, 골다공증 진단 및 치료"
"산부인과","클리닉","유방 초음파",""
"산부인과","클리닉","유방  Mammogram",""
"산부인과","부인암 클리닉","CT","난소암, 자궁내막암, 자궁경부암, 복막암, 각종 부인과 암검진 및  자궁경부암 백신, 암수술, 항암치료"
"산부인과","부인암 클리닉","MRI",""
"산부인과","부인암 클리닉","PET-CT",""
"산부인과","부인암 클리닉","Laparoscope",""
"산부인과","부인암 클리닉","Colposcope",""
"산부인과","부인암 클리닉","초음파",""
"산부인과","여성건강검진 ","초음파","여성 건강 검진"
"산부인과","클리닉","자궁경부 세포진 검사",""
"산부인과","클리닉","간기능, 갑상선기능검사",""
"산부인과","클리닉","콜레스테롤 검사",""
"산부인과","클리닉","심전도, 흉부방사선 검사",""
"산부인과","클리닉","종양표지자 검사",""
"산부인과","요실금 클리닉","UDS","요실금 진단 및 약물 치료"
"안과","성형안과클리닉","","외상성 안과질환 및 안와위축, 안검하수, 안와결손, 안검외반 및 안검내반, 눈물길협착 및 폐쇄 등 안외상 및 노인환자에게 다발하는 질환을 효과적 으로 진단 및 시술, 수술치료시행"
"안과","각막 및 콘택트렌즈","각막곡률측정기","각종 각막질환으로 상세한 검사가 필요한 환자와 수술 후 추적검사를 받는 각막클리닉과 양안 부등시, 백내장 적출환자, "
"안과","클리닉","정밀안압측정기","고도근시로 콘택트렌즈 착용을 위한 환자를 대상으로 하는 콘택트렌즈 클리닉 운용"
"안과","클리닉","각막두께측정기",""
"안과","백내장 및 녹내장","자동시야계","백내장 환자의 수술로써 수정체 초음파 유화술 및 안내 수정체 삽입술의 시행과 추적치료. 녹내장환자 및 녹내장이 의심되는 "
"안과","클리닉","정밀안압측정기","환자를 대상으로 정밀시야검사, 정밀안압계검사를 통한 정확한 진단 및 레이져치료와  수술적치료 시행"
"안과","클리닉","레이저광응고기",""
"안과","클리닉","수정체 유화기기",""
"안과","클리닉","전안부초자체 절제술기",""
"안과","클리닉","비접촉 안압측정기",""
"안과","클리닉","망막신경섬유층광간섭촬영기",""
"안과","망막 및 초자체","초자체절제기","각종 망막 및 초자체 질환과 고령환자에 발생률이 높은 당뇨, 고혈압관련 안과합병증의 진단·치료를 시행하며 망막 수술 후 "
"안과","클리닉","형광안저촬영기","추적검사를 받기 위한 환자들을 대상으로 형광안저촬영,  아르곤 및 야그 광응고레이져, 초자체절제술기구 운용"
"안과","클리닉","안과광학단층촬영기","각종 망막질환 연관한 안구 내 주사치료 시행"
"안과","클리닉","안내광응고레이저시스템",""
"안과","사시 클리닉","","각종 선천성·후천성 사시의 진단 및 정밀한 수술을 위한 장비보유 및 수술시행"
"(안센터)","","","백내장클리닉, 녹내장클리닉, 망막 및 초자체클리닉, 성형안과 클리닉, 사시 및 신경안과 클리닉 운용"
"이비인후과","","후두경","후두의 모양, 성대의 신축, 성문의 개폐 상태를 관찰하여 후두암 및 성대결절과 부종, 인후두역류질환 등의  검사 시행 및 후두의 이물질 제거"
"이비인후과","","후각기능검사","한국인 에게 익숙한 냄새를 사용하여 후각 역치검사, 후각 식별검사, 후각 인지검사를 하고 후각기능을 정확하게 평가"
"이비인후과","청력검사실","표준순음청력검사기","기도전도와 골도전도를 측정하여 선별 주파수에서의 가청역치를 측정함으로써 난청의 정도 및 난청의 유형 파악 또는 난청의 예후평가·치료 및 치료효과 판정, 재활의 선택, 보청기 선택"
"이비인후과","청력검사실","어음청력검사 ","보통 회화에서 사용되는 어음에 대한 청취와 이해능력을 정확하게 측정하기 위해 자극음을 어음으로 사용하고 난청의 감별진단, 사회적응능력평가, 보청기 사용지침, 청력개선술의 적응 등 임상적 중요성을 가짐"
"이비인후과","청력검사실","청성뇌간유발반응검사기","소리 자극을 들려주고 이에 대한 청가계의 전기반응을 두피에 위치한 전극을 통해 기록하는 검사"
"이비인후과","청력검사실","임피던스 청력검사기","외이도를 밀폐한 상태에서 외이도 내의 압력을 변화시키며서 특정 주파수와 강도의 음을 줄 때 고막에서 반사되는 음향에너지를 측정하여 중이강의 상태를 간접적으로 평가"
"이비인후과","청력검사실","회전의자 검사기","평형기능을 담당하는 세반고리관의 기능을 검사하여 평형기능의 일측성. 양측성 장애 구분과 중추성과 말초성 장애를 감별 진단하여 전정장애 후 보상정도를 확인"
"이비인후과","청력검사실","비디오 전기안진검사","머리의 운동에 따른 눈동자 모양의 유형을 측정하여 안구의 움직임을 적외선 비디오를 이용하여 측정, 분석하는 방법으로 안구의 3차원적인 움직임 측정이 가능하여 전정기능을 객관적으로 정량화 할 수 있음"
"이비인후과","청력검사실","매핑","마이크로폰으로부터 입력된 음향 정보를 어음처리기에서 여러가지 방식을 방식을 통하여 와우를 이식 받은 환자의 중추신경계가 전기적 자극을 효과적으로 들을 수 있도록 전기자극의 방법, 어음처리기법, 자극의 속도 등 설정"
"비뇨의학과","종양 클리닉","","비뇨생식계에 발생하는 종양을 진단 및 치료 시행"
"비뇨의학과","전립선 클리닉","방광경, 초음파","전립선의 이상을 진단하고 경요도적 수술(로봇수술 포함) 등의 치료(전립선뿐만 아니라 방광 및 요도의 병변도 시행)"
"비뇨의학과","남성의학 클리닉","성기능 검사","여러 원인에 의한 발기부전증 환자의 정확한 진단에 사용"
"비뇨의학과","요로결석 클리닉 ","체외충격파쇄석기","신장, 요관 등에 발생한 결석에 대한 비수술적인 치료"
"비뇨의학과","배뇨장애 클리닉(요실금 포함)","요역동학측정기","신경인성방광이나 요실금 등의 배뇨장애 진단을 위한 심층적인 검사"
"마취통증의학과","마취과","","수술 전 환자를 마취과 의사가 개별 면담하여 정확한 환자 평가를 통해 안전한 수술이 시행되도록 마취 관리, 혈관조영실 등에 출장 마취를 통하여 수술실에서 시행이 어려운 수술이 가능하도록 지원, 낮병동 마취를 운영하여 수술 후 입원없이 당일 퇴원 가능토록 지원, 산과마취, 경막외마취를 통해 무통분만등의 지원"
"마취통증의학과","통증 클리닉","","약물치료, 물리치료, 신경 차단 요법 등을 통하여 통증의 악순환 회로를 차단하고 말초신경 및 중추신경의 흥분상태를 안정시킴으로써 통증의 원인을 병태·생리학적으로 접근하여 급·만성 통증을 치료 수술 후 통증 조절을 시행하여 환자의 통증 경감에 노력"
"마취통증의학과","통증 클리닉","고주파열응고기","척추수술 및 동통치료 시 병의 근원이 되는 신경부위를 고주파의 원리를 이용 통증 및 병변 부위를 치료"
"마취통증의학과","통증 클리닉","최신 C-ARM(이동녹화촬영기, 9600 upgade 포함)","첨단 영상기법으로 정확히 진단하여 수술을 용이하게 함"
"마취통증의학과","중환자실","환자감시장치","전  진료과에서 집중진료를 요하는 중환자를 최신의료장비로 집중적으로 치료"
"마취통증의학과","중환자실","인공호흡기",""
"재활센터","근전도실","근전도검사기","재활의학과 의사가 직접 근전도 검사를 시행하여 신경근육의 각종질환의 진단을 비롯하여 말초신경의 손상부위 정도, 예후 판정"
"재활센터","근골격계 초음파실","초음파진단기","초음파를 이용하여  각종 근골격계 통증에 대한 정확한 진단과 치료 "
"재활센터","외래통증치료실","체외충격파 치료기","체외충격파를 이용하여 석회성 건초염, 족저근막염등의 만성통증 치료"
"재활센터","온열치료실","경피신경자극치료기","저주파 치료 기구를 이용하여 통증 완화 "
"재활센터","온열치료실","간섭파전류치료기","간섭 전류를 이용하여 통증 완화"
"재활센터","온열치료실","레이저치료기","광선을 이용하여 혈액순환 촉진 및 통증완화 "
"재활센터","온열치료실","초음파치료기","고주파를 이용하여 근육층까지 깊숙히 투열시켜 조직 긴장 완화 및 통증 완화"
"재활센터","온열치료실","견인치료기","물리적 견인력을 통한 척추 사이 디스크에 가해지는 압력 완화"
"재활센터","온열치료실","온습포","따뜻한 팩을 피부에 적용하여 피부층의 충열과 혈액순환 촉진을 통한 동증 완화 "
"재활센터","온열치료실","전기자극치료기","전기자극을 이용하여 근육의 흥분성 유지 및 위축 방지"
"재활센터","온열치료실","공기압마사지기","상,하지 혈액 순환 증진 및 부종 완화"
"재활센터","집중운동치료실","경사치료기","수동적 기립을 통해 마비 환자들의 약화된 지지 기능을 향상시키고 골다공증을 예방"
"재활센터","집중운동치료실","어깨운동기","상지에 마비나 근 약화로 인해 저하된 근 기능을 향상시켜 상지 기능의 향상을 도모"
"재활센터","집중운동치료실","복합운동기","상하지 운동치료기구를 이용하여 근력 및 관절가동범위 증진을 통한 기능 회복"
"재활센터","재활기능운동치료실","트레드밀","각종 장비를 이용하여 근력 및 지구력 훈련, 균형훈련등을 실시하여 기능의 회복을 도모함"
"재활센터","재활기능운동치료실","상하지에르고미터","균형능력장애환자에게 장비를 이용한 균형훈련 프로그램에 맞춰 훈련과 검사를 실시함"
"재활센터","재활기능운동치료실","전산화된 균형훈련도구",""
"재활센터","특수치료실 ","기능적 전기자극치료기","전기자극을 가하여 근수축을 유발하여 기능적으로 유용한 동작을 만들어 내는 치료"
"재활센터","특수치료실 ","등속성운동치료기(Cybex )","cybex를 이용하여 정해진 각속도로 운동하는 것으로 근육통이 적고 관절운동이 금기인 경우에도 시행가능한 치료임"
"재활센터","수중재활치료실","수중풀","물의 물리학적 특성을 이용하여 신경계, 근골격계에 손상을 갖고 있는 환자분들을 대상으로 관절가동범위, 근력, 유연성,"
"재활센터","수중재활치료실","보행풀","균형등의 기능을 증진시키는 치료"
"재활센터","수중재활치료실","전신월풀","월풀의 와류에 의한 마사지 치료,부력을 이용한 능동수동운동, 온도에 따른 온열효과로 통증을 완화시키고 근육을 이환하는 효과"
"재활센터","수중재활치료실","수족지월풀 등 ",""
"재활센터","동작분석실","동작분석기","환자의 보행을 3차원적으로 분석하여 적절한 치료방법을 적용"
"재활센터","작업치료실"," 작업치료기구","상지관절의 관절가동범위 증진 및 근력과 조화운동능력 향상 및 미세동작 향상"
"재활센터","일상생활동작훈련실","일상생활동작치료기구","식사, 옷 입고 벗기 등의 수행의 어려움이 있는 일상생활동작 훈련을 통하여 최대한 독립적으로 수행하도록 하는 치료법"
"재활센터","연하치료실","연하치료기구","연하곤란환자의 평가를  토대로 자세교정, 구강운동, 전기자극치료 등 실시"
"재활센터","인지치료실 ","전산화인지치료프로그램","현실성 있는 훈련 프로그램으로 컴퓨터 화면등에서 주어지는 과제를 해결함으로써 기능향상과 일상생활에서의 문제 해결 능력 향상"
"재활센터","언어치료실","닥터스피치","언어장애가 있는 환자를 평가하고 적절한 접근으로 언어장애 치료"
"재활센터","상지로봇치료실","상지로봇치료기","프로그램을 이용하여 뇌가소성을 증진시켜 독립적인 일상생활과 상지의 기능회복을 촉구함"
"재활센터","보행로봇치료실","보행로봇치료실","견인장치로 하지고정후 프로그램을 통하여 정상적인 보행양식을 환자에게 유도하는 맞춤형 보행훈련"
"재활센터","척수손상재활","","척수손상으로 인한 상하지 기능장애 환자들의 장애평가 및 적절한 치료방향 설정 및 교육, 척수손상환자의 생애주기별 맞춤 건강검진 및 치료"
"재활센터","뇌졸중재활","","뇌졸중 이후에 발생하는 신체적, 정식적, 사회적 장애를 최소화 하기위해 평가 및 적절한 치료방향 설정 및 치료"
"재활센터","뇌손상 및 퇴행성","","외상성 뇌손상 또는 파킨슨 병과 같은 퇴행성 중추신경계질환으로 장애를 평가하고 치료를 통하여 장애를 최소화 하고 사회통합을 유도함 "
"재활센터","중추신경질환재활","",""
"재활센터","절단장애 재활","","절단장애 후 절단부위 관리, 적합한 의지보조기 처방 및 적용훈련 "
"재활센터","노인재활","","초고령 사회를 대비하여 각종 노인성 질환에 대한 연구 및 치료 "
"재활센터","근골격계 재활치료","","각종 근골격계 통증 및 퇴행성 관절염, 척추수술 후 및 관절치환술 후 재활프로그램 운동치료, 통증재활수기, 각종 통증교실을 통한 지속적인 환자교육"
"재활센터","수중재활치료","","물의 물리적인 특성을 이용하여 비정상적인 움직임의 패턴들을 다양한 수중 기법을 통하여 정상적인 움직임으로 회복 또는 증진"
"재활센터","인지재활클리닉 ","전산화인지치료프로그램 ","뇌졸중 및 뇌손상후 발생한 인지장애에 대해 약물치료 및 전산화 인지기능 평가 및 치료"
"재활센터","연하장애 클리닉","비디오투시검사","뇌병변 및 중추신경 손상, 두경부 수술 후 발생한 연하장애 환자들의 연하기능평가 및 치료"
"재활센터","경직 클리닉","근전도 검사기","편마비, 척수손상 등으로 인한 경직 완화 중재시술을 근전도 또는 초음파기기 모니터링 하에 실시"
"재활센터","경직 클리닉","초음파진단기",""
"재활센터","의지보조기 클리닉 ","","보장구센터와 협진을 통하여 절단 및 기능장애 환자들에게 적절한 보장구 처방 교육"
"재활센터","장애인스포츠 재활클리닉","","스트레칭 및 재활운동을 통하여 기능유지 및 기능회복 훈련 및 환자의 잔존능력에 따른 적합한 스포츠 활동 처방 "
"재활센터","뇌자극치료 클리닉","경두개 자기자극치료기","자기장을 이용하여 뇌의 특정부위를 국소적으로 자극하여 손상된 뇌기능을 회복시키는 치료법 "
"재활센터","호흡재활클리닉","","만성폐쇄성폐질환, 신경근육성 질환으로 인한 호흡부전을 평가하고 기계호흡접근, 호흡근 강화운동 등 환자의 호흡기능을 유지시키기 위한 재활 치료 시행"
"재활센터","재활체육치료 프로그램","스트레칭장","신체적능력이 저하되어 운동능력이 부족한 환자들을 대상으로 체육교사의 지도에 따라 체육활동을 하고 있음"
"재활센터","재활체육치료 프로그램","체력단련기구",""
"재활센터","일상생활체험 프로그램","일상생활체험실","장애인전용 가구등이 설치되어 있는 독립생활관으로 퇴소 후 환자의 주거상황 및 장애정도에 맞게 일상생활을 영위할수 있도록 하여 사회복귀를 촉진시키는 프로그램"
"재활센터","방문물리/작업치료","","통원치료가 어려운 환자에게 집으로 찾아가 물리치료 및 작업 재활치료를 제공하고 있음"
"재활센터","프로그램","",""
"치과병원","보철과","","총의치, 국소의치, 고정성 보철, 임플란트 보철, 악안면보철, 심미보철, 교합치료, 디지털 보철치료"
"치과병원","구강악안면외과","","구강악안면감염, 턱관절외과, 양성종양치료, 골절 수술, 치조골 이식술, 매복 사랑니 발치, 악골내낭종적출, 악골골절수술"
"치과병원","치주과","","치주질환, 잇몸질환, 심미치주치료, 임플란트"
"치과병원","보존과","미세현미경","근관치료, 충치치료, 심미수복, 미세치근단 현미경 수술, 치아외상, 치아미백, 임플란트"
"치과병원","구강내과","하악운동분석기(K7)","턱관절 질환, 구강악안면통증, 구강연조직질환, 코골이장치, 구취진단 및 검사, "
"치과병원","구강내과","구취측정기(Oral Chroma)","구강건조증"
"치과병원","구강내과","안면신경검사기(Neurometer CPT)",""
"치과병원","구강내과","물리치료기기",""
"치과병원","통합치의학과","","임플란트, 크라운/브릿지, 틀니, 근관 및 수복치료 등 종합적인 치과진료"
"치과병원","방사선실","CBCT","원추 형태의 방사선을 이용하여 촬영하며 낮은 선량으로 악안면 부위의 정밀한 영상을 얻어 진단을 하는 장비"
"치과병원","방사선실","Panorama","치과 영상의 대표적 구외촬영장비로 상하 악골 및 안면구조물을 하나의 연속된 영상으로 보여주는 검사장비"
"치과병원","기공실","기공용 엔진","치아 보철물 절단, 연마, 광택 장비"
"치과병원","기공실","고주파주조기","골드, 금속을 녹여 주조체 만드는 장비"
"치과병원","기공실","CAD/CAM","정밀 보철물 제작 장비"
"치과병원","기공실","Laser Welder","의치수리 및 부적합한 보철물 수정 장비"
